Link,Job Title,Agency (Firma),Wage (Pansja),City (Miejscowosc),Country (Panstwo)
https://holandia.jober.pl/Uden/SPAWACZ-135-SLUSARZ-€18-netto-h-€720-netto-na-tydzień-40-godz-pracy-Holandia-od-zaraz-1639773,"Oferta pracy SPAWACZ 135 / SLUSARZ €18 netto/h, €720 netto na       tydzień (40 godz pracy). Holandia, od zaraz.",Job Spectrum Holandia,18 EUR/h,Uden,Holandia
https://holandia.jober.pl/Deventer/Spawacz-MIG-MAG-po-Nowym-Roku-1636751,Oferta pracy Spawacz MIG/MAG po Nowym Roku!,Techvisie Personeelsdiensten BV,nie podano,Deventer,Holandia
https://holandia.jober.pl/Deventer/Hydraulik-Monter-instalacji-1636749,Oferta pracy Hydraulik/Monter instalacji,Techvisie Personeelsdiensten BV,nie podano,Deventer,Holandia
https://holandia.jober.pl/Venray/Pracownik-magazynu-z-ubraniami-1639700,Oferta pracy Pracownik magazynu z ubraniami,Diana Kwiatkowska,nie podano,Venray,Holandia
https://holandia.jober.pl/Tilburg/PRACOWNIK-MAGAZYNU-Z-ELEKTRONIKĄ-1639699,Oferta pracy PRACOWNIK MAGAZYNU Z ELEKTRONIKĄ,Diana Kwiatkowska,nie podano,Tilburg,Holandia
https://holandia.jober.pl/Bodegraven/PRODUKCJA-SERA-1639698,Oferta pracy PRODUKCJA SERA,Diana Kwiatkowska,nie podano,Bodegraven,Holandia
https://holandia.jober.pl/Den-Haag/Magazynier-Orderpicker-Holandia-1639697,Oferta pracy Magazynier Orderpicker Holandia,Diana Kwiatkowska,nie podano,Den Haag,Holandia
https://holandia.jober.pl/Tilburg/Orderpicker-Tilburg-€-10-75-nadgodziny-bez-wiekówki-1639692,"Oferta pracy Orderpicker Tilburg € 10,75 + nadgodziny bez wiekówki",i-Work,11 EUR/h,Tilburg,Holandia
https://holandia.jober.pl/Best/Pracownik-produkcji-€11-35produkcja-systemów-przeciwsłonecznych-1639691,"Oferta pracy Pracownik produkcji / €11,35produkcja systemów przeciwsłonecznych",i-Work,11 EUR/h,Best,Holandia
https://holandia.jober.pl/Schijndel/Pracownik-produkcji-automotive-€11-10-dodatki-1639690,"Oferta pracy Pracownik produkcji- automotive €11,10 + dodatki",i-Work,nie podano,Schijndel,Holandia
https://holandia.jober.pl/Born/Rozładunek-kontenerów-z-towarami-z-Chin-dla-sieci-marketów-Action-€12-42-1639689,"Oferta pracy Rozładunek kontenerów z towarami z Chin dla sieci marketów Action €12,42",i-Work,nie podano,Born,Holandia
https://holandia.jober.pl/Amsterdam/Hydraulik-575-€-netto-tydzień-darmowe-mieszkanie-1639405,Oferta pracy Hydraulik - 575 € netto/tydzień + darmowe mieszkanie,InJobs,525-575 EUR/tydzień,Amsterdam,Holandia
https://holandia.jober.pl/Amsterdam/Elektryk-575-€-netto-tydzień-darmowe-mieszkanie-1639404,Oferta pracy Elektryk - 575 € netto/tydzień + darmowe mieszkanie,InJobs,500-575 EUR/dzień,Amsterdam,Holandia
https://holandia.jober.pl/Nijmegen/KUCHARZ-—-HOLANDIA-1639001,Oferta pracy KUCHARZ — HOLANDIA,Kariera w Holandii,10-12 EUR/h,Nijmegen,Holandia
https://holandia.jober.pl/Emmeloord/ŚLUSARZ-PRZEMYSŁ-STOCZNIOWY-580-EUR-NETTO-OD-ZARAZ-1638998,Oferta pracy ŚLUSARZ - PRZEMYSŁ STOCZNIOWY - 580 EUR NETTO - OD ZARAZ,Kariera w Holandii,580 EUR/tydzień,Emmeloord,Holandia
https://holandia.jober.pl/Roermond/KELNER-KELNERKA-HOLANDIA-1638997,Oferta pracy KELNER / KELNERKA - HOLANDIA,Kariera w Holandii,10-11 EUR/h,Roermond,Holandia
https://holandia.jober.pl/Aalsmeer/GERBERY-Szklarnia-Hale-–-praca-Holandia-–-BEZ-języka-angielskiego-DUŻO-godzin-pracy-1638835,"Oferta pracy GERBERY - Szklarnia, Hale – praca Holandia – BEZ języka angielskiego, DUŻO godzin pracy!",JOBRUN,nie podano,Aalsmeer,Holandia
https://holandia.jober.pl/Tilburg/Kamieniarz-Polerowanie-i-obróbka-blatów-kuchennych-1638758,Oferta pracy Kamieniarz (Polerowanie i obróbka blatów kuchennych),Job Match Nederland,nie podano,Tilburg,Holandia
https://holandia.jober.pl/Nijmegen/Pracownicy-budowlani-1638755,Oferta pracy Pracownicy budowlani,Job Match Nederland,nie podano,Nijmegen,Holandia
https://holandia.jober.pl/Zevenhuizen/mycie-skrzynek-pakowanie-męsa-1638754,Oferta pracy mycie skrzynek/pakowanie męsa,Job Match Nederland,nie podano,Zevenhuizen,Holandia
https://holandia.jober.pl/Maastricht/Zbrojarz-1638753,Oferta pracy Zbrojarz,Job Match Nederland,nie podano,Maastricht,Holandia
https://holandia.jober.pl/Son-en-Breugel/Magazynier-skład-budowlany-€11-h-Od-zaraz-1638258,Oferta pracy Magazynier- skład budowlany-€11/h ..Od zaraz,i-Work,11 EUR/h,Son en Breugel,Holandia
https://holandia.jober.pl/Eindhoven/Produkcja-elektroniki-drobnej-SUPER-OFERTA-13-36€-z-własnym-zakwaterowaniem-GRATIS-objad-owoce-napoje-1638257,"Oferta pracy Produkcja elektroniki drobnej, SUPER OFERTA 13,36€  z własnym zakwaterowaniem + GRATIS objad, owoce, napoje",i-Work,13 EUR/h,Eindhoven,Holandia
https://holandia.jober.pl/Diessen/ORDERPICKER-EPT-praca-od-zaraz-z-zakwaterowaniem-1638256,Oferta pracy ORDERPICKER- EPT-praca od zaraz z zakwaterowaniem,i-Work,350-450 EUR/tydzień,Diessen,Holandia
https://holandia.jober.pl/Roosendaal/Pracownik-magzynu-Nikon-pakowanie-prace-logistyczne-II-zmiany-1638255,"Oferta pracy Pracownik magzynu Nikon- pakowanie, prace logistyczne II zmiany",i-Work,12 EUR/h,Roosendaal,Holandia
https://holandia.jober.pl/Uden/Pracownik-magazynowy-w-firmie-transportowej-€13-55-1638254,"Oferta pracy Pracownik magazynowy w firmie transportowej €13,55",i-Work,nie podano,Uden,Holandia
https://holandia.jober.pl/Weert/Praca-bez-znajomości-języka-pomocnik-w-ocynkowni-€11-59-1638253,"Oferta pracy Praca bez znajomości języka, pomocnik w ocynkowni €11,59",i-Work,nie podano,Weert,Holandia
https://holandia.jober.pl/Best/Pracownik-produkcji-Holandia-Best-Eindhoven-€11-34-1638251,"Oferta pracy Pracownik produkcji, Holandia, Best,Eindhoven €11,34",i-Work,nie podano,Best,Holandia
https://holandia.jober.pl/Aalsmeer/Magazynier-1638186,Oferta pracy Magazynier,Orange Jobs B.V.,nie podano,Aalsmeer,Holandia
https://holandia.jober.pl/Amersfoort/Operator-maszyn-drukarnia-€2120-netto-miesięcznie-Amersfoort-Holandia-1638184,"Oferta pracy Operator maszyn - drukarnia, +/- €2120 netto miesięcznie, Amersfoort, Holandia",Orange Jobs B.V.,nie podano,Amersfoort,Holandia
https://holandia.jober.pl/Velsen-Noord/Frezer-Tokarz-CNC-1638183,Oferta pracy Frezer / Tokarz CNC,Orange Jobs B.V.,nie podano,Velsen Noord,Holandia
https://holandia.jober.pl/Beverwijk/Tokarz-CNC-1638182,Oferta pracy Tokarz CNC,Orange Jobs B.V.,nie podano,Beverwijk,Holandia
https://holandia.jober.pl/Amsterdam/Pracownik-produkcji-technicznej-|-€380-€460-net-per-week-|-Amsterdam-1638181,Oferta pracy Pracownik produkcji technicznej | €380 - €460 net per week | Amsterdam,Orange Jobs B.V.,nie podano,Amsterdam,Holandia
https://holandia.jober.pl/Abcoude/Rekruter-1638176,Oferta pracy Rekruter,Orange Jobs B.V.,nie podano,Abcoude,Holandia
https://holandia.jober.pl/Hoorn/Pracownik-Techniczny-1637888,Oferta pracy Pracownik Techniczny,Orange Jobs B.V.,nie podano,Hoorn,Holandia
https://holandia.jober.pl/Eindhoven/Spawacz-TIG-pipefitter-od-750€-netto-na-tydzień-1637879,Oferta pracy Spawacz TIG/pipefitter od 750€ netto na tydzień,KONEKTIA,17-18 EUR/h,Eindhoven,Holandia
https://holandia.jober.pl/Rotterdam/Spawacz-141-TIG-pipe-fitter-700-euro-netto-tydzień-darmowe-mieszkanie-1637878,"Oferta pracy Spawacz 141 TIG - pipe fitter 700 euro netto/tydzień, darmowe mieszkanie.",KONEKTIA,700-750 EUR/tydzień,Rotterdam,Holandia
https://holandia.jober.pl/Vianen/Zbrojarz-1637873,Oferta pracy Zbrojarz,Orange Jobs B.V.,nie podano,Vianen,Holandia
https://holandia.jober.pl/Breda/Spawacz-TIG-17-50-euro-na-rękę-h-1637872,"Oferta pracy Spawacz TIG 17,50 euro na rękę/h",Konektia,700-750 EUR/tydzień,Breda,Holandia
https://holandia.jober.pl/Geleen/LAKIERNIK-SAMOCHODOWY-HOLANDIA-520€-TYGODNIÓWKI-DARMOWE-MIESZKANIE-I-AUTO-1637870,Oferta pracy LAKIERNIK SAMOCHODOWY - HOLANDIA - 520€ TYGODNIÓWKI + DARMOWE MIESZKANIE I AUTO,Konektia International,500-520 EUR/dzień,Geleen,Holandia
https://holandia.jober.pl/Nijmegen/Pomocnik-lakiernika-samochodowego-12-13-euro-nett-darmowe-zakwaterowanie-pok-1-os-1637869,"Oferta pracy Pomocnik lakiernika samochodowego, 12-13 euro nett, darmowe zakwaterowanie pok. 1 os",Konektia,8 000-9 000 PLN/m-c,Nijmegen,Holandia
https://holandia.jober.pl/Venlo/PILNE-Zbrojarz-budowa-500€-na-rękę-40h-darmowe-mieszkanie-1637867,Oferta pracy **PILNE*** Zbrojarz (budowa) - 500€ na rękę/40h + darmowe mieszkanie,KONEKTIA,500 PLN/tydzień,Venlo,Holandia
https://holandia.jober.pl/Rotterdam/Zbrojarz-Holandia-500€-netto-darmowe-mieszkanie-i-transport-1637866,Oferta pracy Zbrojarz Holandia 500€ netto - darmowe mieszkanie i transport,KONEKTIA,500-510 EUR/tydzień,Rotterdam,Holandia
https://holandia.jober.pl/IJmuiden/Operator-wózków-widłowych-1637863,Oferta pracy Operator wózków widłowych,Orange Jobs B.V.,nie podano,IJmuiden,Holandia
https://holandia.jober.pl/Hoorn/Pracownik-Obróbki-Metalu-1637862,Oferta pracy Pracownik Obróbki Metalu,Orange Jobs B.V.,nie podano,Hoorn,Holandia
https://holandia.jober.pl/Abcoude/Pracownik-produkcji-|Stabilna-praca-38h-tyg-|-420€-netto-tyg-|-Amsterdam-1637861,Oferta pracy Pracownik produkcji |Stabilna praca 38h tyg.| +/- 420€ netto tyg. | Amsterdam,Orange Jobs B.V.,nie podano,Abcoude,Holandia
https://holandia.jober.pl/Zeist/Blacharz-1637860,Oferta pracy Blacharz,Orange Jobs B.V.,nie podano,Zeist,Holandia
https://holandia.jober.pl/Amersfoort/Magazynier-1637858,Oferta pracy Magazynier,Orange Jobs B.V.,nie podano,Amersfoort,Holandia
https://holandia.jober.pl/Zwaag/Operator-maszyny-do-cięcia-stali-1637857,Oferta pracy Operator maszyny do cięcia stali,Orange Jobs B.V.,nie podano,Zwaag,Holandia
https://holandia.jober.pl/Zoeterwoude/Inpaker-€11-25-brutto-h-Zoeterwoude-1637856,"Oferta pracy Inpaker €11,25  brutto/h Zoeterwoude",Orange Jobs B.V.,nie podano,Zoeterwoude,Holandia
https://holandia.jober.pl/Utrecht/Operator-maszyn-drukarskich-1637854,Oferta pracy Operator maszyn drukarskich,Orange Jobs B.V.,nie podano,Utrecht,Holandia
https://holandia.jober.pl/Zaandam/Pracownik-produkcji-tortilli-|-1500€-netto-miesięcznie-|-Zaandam-1637853,Oferta pracy Pracownik produkcji tortilli | +/-1500€  netto miesięcznie | Zaandam,Orange Jobs B.V.,13 EUR/h,Zaandam,Holandia
https://holandia.jober.pl/Amsterdam/Mechanik-autobusów-1637852,Oferta pracy Mechanik autobusów,Orange Jobs B.V.,nie podano,Amsterdam,Holandia
https://holandia.jober.pl/Akersloot/Monter-konstrukcji-stalowych-spawacz-|-480€-600€-netto-tyg-|-Akersloot-Holandia-1637851,"Oferta pracy Monter konstrukcji stalowych + spawacz | +/-480€-600€ netto tyg | Akersloot, Holandia",Orange Jobs B.V.,480-600 EUR/tydzień,Akersloot,Holandia
https://holandia.jober.pl/Beverwijk/Operator-maszyn-CNC-z-Heidenheim-Beverwijk-1637849,"Oferta pracy Operator maszyn CNC z Heidenheim, Beverwijk",Orange Jobs B.V.,16 EUR/h,Beverwijk,Holandia
https://holandia.jober.pl/Amersfoort/Technolog-Opakowań-1637847,Oferta pracy Technolog Opakowań,Orange Jobs B.V.,2 800-3 200 EUR/m-c,Amersfoort,Holandia
https://holandia.jober.pl/Arkel/Frezer-CNC-Heidenheim-Fanuc-€-2100-netto-miesięcznie-1637845,"Oferta pracy Frezer CNC- Heidenheim/Fanuc, +/- € 2100 netto miesięcznie",Orange Jobs B.V.,nie podano,Arkel,Holandia
https://holandia.jober.pl/Vianen/Cieśla-szalunkowy-€1860-netto-miesięcznie-Utrecht-Holandia-1637842,"Oferta pracy Cieśla szalunkowy, +/- €1860  netto miesięcznie, Utrecht, Holandia",Orange Jobs B.V.,nie podano,Vianen,Holandia
https://holandia.jober.pl/Zwaag/Monter-konstrukcji-stalowych-|-480€-600€-netto-|-Zwaag-Holandia-1637840,"Oferta pracy Monter konstrukcji stalowych | +/-480€-600€ netto | Zwaag, Holandia",Orange Jobs B.V.,480-600 EUR/tydzień,Zwaag,Holandia
https://holandia.jober.pl/Zoeterwoude/Operator-maszyny-w-fabryce-hamurgerów-wegetariańskich|-450€-netto-tyg-|-Stabilna-praca-nadgodziny-|-Zoeterwoude-Holandia-1637837,"Oferta pracy Operator maszyny w fabryce hamurgerów wegetariańskich| +/- 450€  netto tyg. | Stabilna praca, nadgodziny | Zoeterwoude, Holandia",Orange Jobs B.V.,nie podano,Zoeterwoude,Holandia
https://holandia.jober.pl/Hoorn/Monter-konstrukcji-stalowych-–-maszyny-budowlane-|-480€-netto-tyg-Stabilna-praca-Hoorn-Holandia-1637815,"Oferta pracy Monter konstrukcji stalowych – maszyny budowlane | +/-480€ netto tyg.  Stabilna praca, Hoorn, Holandia",Orange Jobs B.V.,nie podano,Hoorn,Holandia
https://holandia.jober.pl/Beringe/Order-picker-w-DHL-Beringe-11-15€-14-50€-na-godzinę-1637428,"Oferta pracy Order picker w DHL Beringe 11,15€ - 14,50€ na godzinę",i-Work,11-15 EUR/h,Beringe,Holandia
https://holandia.jober.pl/Weert/Operator-wózka-widłowego-Reachtruck-w-DHL-Weert-€12-05-1637427,Oferta pracy Operator wózka widłowego Reachtruck w DHL Weert €12.05,i-Work,nie podano,Weert,Holandia
https://holandia.jober.pl/Roermond/Pracownik-lini-montażowej-tłumików-€13-59-dodatki-zmianowe-1637425,"Oferta pracy Pracownik lini montażowej tłumików €13,59 + dodatki zmianowe",i-Work,14 EUR/h,Roermond,Holandia
https://holandia.jober.pl/Rotterdam/Orderpicker-na-magazynie-1637420,Oferta pracy Orderpicker na magazynie,KONEKTIA KATARZYNA KILANOWSKA,350 EUR/tydzień,Rotterdam,Holandia
https://holandia.jober.pl/Rotterdam/Hydraulik-Monter-instalacji-Holandia-od-zaraz-Atrakcyjne-warunki-stabilne-zatrudnienie-zapewnione-mieszkanie-1636959,"Oferta pracy Hydraulik / Monter instalacji Holandia od zaraz! Atrakcyjne warunki, stabilne zatrudnienie, zapewnione mieszkanie!",Ampli HR,600 EUR/tydzień,Rotterdam,Holandia
https://holandia.jober.pl/Rotterdam/Elektryk-przemysłowy-budowlany-start-od-zaraz-nawet-600€-na-rękę-tydz-z-mieszkaniem-1636952,Oferta pracy Elektryk przemysłowy/budowlany start od zaraz nawet 600€ na rękę/tydz z mieszkaniem!,Ampli HR,550-600 EUR/tydzień,Rotterdam,Holandia
https://holandia.jober.pl/Hengelo/❎ORDERPICKER-❎-pilne-praca-od-zaraz-z-dobrą-stawką-1636908,Oferta pracy ❎ORDERPICKER ❎***pilne*** praca od zaraz z dobrą stawką,KONEKTIA KATARZYNA KILANOWSKA,350 EUR/tydzień,Hengelo,Holandia
https://holandia.jober.pl/Tilburg/Pracownik-magazynu-order-picker-€10-75-bez-stawki-wiekowej-1636810,"Oferta pracy Pracownik magazynu-order picker €10,75 bez stawki wiekowej",i-Work,11 EUR/h,Tilburg,Holandia
https://holandia.jober.pl/Maastricht/Produkcja-płytek-ściennych-i-podłogowych-€12-91-28-dodatek-zmianowy-Praca-na-III-zmiany-1636809,"Oferta pracy Produkcja płytek ściennych i podłogowych €12,91 + 28% dodatek zmianowy, Praca na III zmiany",i-Work,14 EUR/h,Maastricht,Holandia
https://holandia.jober.pl/Schijndel/Szwaczka-Holandia-od-zaraz-pokrowce-na-fotele-samochodowe-1636808,Oferta pracy Szwaczka Holandia od zaraz/ pokrowce na fotele samochodowe,i-Work,nie podano,Schijndel,Holandia
https://holandia.jober.pl/Schijndel/Pracownik-montażu-lekk-praca-dla-Pań-od-zaraz-z-zakwaterowaniem-1636804,Oferta pracy Pracownik montażu/ lekk praca dla Pań od zaraz z zakwaterowaniem,i-Work,nie podano,Schijndel,Holandia
https://holandia.jober.pl/Uden/Pracownik-magazynowy-II-i-III-zmian-od-zaraz-UDEN-1636803,Oferta pracy Pracownik magazynowy- II i III zmian od zaraz UDEN,i-Work,nie podano,Uden,Holandia
https://holandia.jober.pl/Deventer/Elektryk-przemysłowy-1636747,Oferta pracy Elektryk przemysłowy,Techvisie Personeelsdiensten BV,nie podano,Deventer,Holandia
https://holandia.jober.pl/Rucphen/PRACOWNIK-SORTOWNI-PACZEK-MAGAZYNIER-NL-1636703,"Oferta pracy PRACOWNIK SORTOWNI PACZEK , MAGAZYNIER NL",KONEKTIA,1 300-1 500 EUR/m-c,Rucphen,Holandia
https://holandia.jober.pl/Eindhoven/Magazynier-1636702,Oferta pracy Magazynier,KONEKTIA,11-12 EUR/h,Eindhoven,Holandia
https://holandia.jober.pl/Eindhoven/Rozładunek-załadunek-1636701,Oferta pracy Rozładunek/załadunek,KONEKTIA,1 400-1 600 EUR/m-c,Eindhoven,Holandia
https://holandia.jober.pl/Roosendaal/MAGAZYNIER-PRACA-BEZ-JĘZYKA-OD-ZARAZ-ROZŁADUNEK-1636700,Oferta pracy MAGAZYNIER PRACA BEZ JĘZYKA OD ZARAZ ROZŁADUNEK,KONEKTIA,1 300-1 600 EUR/m-c,Roosendaal,Holandia
https://holandia.jober.pl/Haarlem/Pracownik-Techniczny-1636554,Oferta pracy Pracownik Techniczny,Orange Jobs B.V.,nie podano,Haarlem,Holandia
https://holandia.jober.pl/Haarlem/Tokarz-CNC-Fanuc-1636504,Oferta pracy Tokarz CNC - Fanuc,Orange Jobs B.V.,2 160-2 400 EUR/m-c,Haarlem,Holandia
https://holandia.jober.pl/Moerdijk/OPERATOR-WÓZKA-WIDŁOWEGO-MAGAZYNIER-€12-50-dodatki-1636438,"Oferta pracy OPERATOR WÓZKA WIDŁOWEGO / MAGAZYNIER, €12,50 + dodatki",i-Work,nie podano,Moerdijk,Holandia
https://holandia.jober.pl/Tilburg/Order-picker-Tilburg-Ingram-Micro-praca-dla-par-€10-50-dodatki-II-zminay-1636437,"Oferta pracy Order picker Tilburg Ingram Micro, praca dla par, €10,50 + dodatki II zminay",i-Work,nie podano,Tilburg,Holandia
https://holandia.jober.pl/Tilburg/Orderpicker-Tilburg-II-zmiany-tygodniowe-wypłaty-praca-dla-par-1636436,"Oferta pracy Orderpicker Tilburg  II zmiany, tygodniowe wypłaty praca dla par",i-Work,nie podano,Tilburg,Holandia
https://holandia.jober.pl/Tilburg/Order-picker-Tilburg-Praca-dla-par-€10-50-dodatki-II-zminay-1636435,"Oferta pracy Order picker Tilburg Praca dla par €10,50 + dodatki II zminay",i-Work,nie podano,Tilburg,Holandia
https://holandia.jober.pl/Tilburg/Bol-com-Tilburg-orderpicking-praca-od-zaraz-€10-50-1636433,"Oferta pracy Bol.com Tilburg, orderpicking, praca od zaraz €10,50",i-Work,nie podano,Tilburg,Holandia
https://holandia.jober.pl/Haaksbergen/Monter-rurociągów-ślusarz-rurociągów-Holandia-2500-€-netto-1-os-pokój-za-darmo-sprawdzona-firma-na-granicy-z-Niemcami-1636402,"Oferta pracy Monter rurociągów, ślusarz rurociągów, Holandia, 2500 € netto, 1-os. pokój za darmo, sprawdzona firma na granicy z Niemcami",Taemso GmbH,2 500 EUR/m-c,Haaksbergen,Holandia
https://holandia.jober.pl/Nijmegen/Stolarz-budowlany-wykończeniowy-1636354,Oferta pracy Stolarz budowlany/wykończeniowy,Job Match Nederland,nie podano,Nijmegen,Holandia
https://holandia.jober.pl/Nijmegen/Monter-K-G-Regispiarz-Metalstud-1636353,Oferta pracy Monter K-G/Regispiarz/Metalstud,Job Match Nederland,nie podano,Nijmegen,Holandia
https://holandia.jober.pl/Breda/Kierowca-C-E-4000€-brutto-wyjazdy-jednodnowe-1636338,"Oferta pracy Kierowca C+E - 4000€ brutto, wyjazdy jednodnowe",Konektia,3 800-4 200 EUR/m-c,Breda,Holandia
https://holandia.jober.pl/Geldermalsen/Pracownik-produkcji-systemów-metalowych-1636248,Oferta pracy Pracownik produkcji systemów metalowych,PRAMER,14 EUR/h,Geldermalsen,Holandia
https://holandia.jober.pl/Barneveld/Pracownik-budowania-domków-campingowych-1636246,Oferta pracy Pracownik budowania domków campingowych,PRAMER,15 EUR/h,Barneveld,Holandia
https://holandia.jober.pl/Hasselt/PRACOWNIK-PRODUKCJI-SCANIA-stawka-nawet-15-euro-brutto-1636070,Oferta pracy PRACOWNIK PRODUKCJI (SCANIA) - stawka nawet 15  euro brutto!!,EURO WORK,nie podano,Hasselt,Holandia
https://holandia.jober.pl/Leerdam/Produkcja-żywności-10-91€-brutto-h-dodatki-zmianowe-nadgodziny-wakacyjne-1635672,Oferta pracy Produkcja żywności 10.91€ brutto/h + dodatki zmianowe + nadgodziny + wakacyjne,Work4You Global Sp. z o.o.,11 EUR/h,Leerdam,Holandia
https://holandia.jober.pl/Wormerveer/Pracownik-produkcji-1635671,Oferta pracy Pracownik produkcji,Blue Trading,nie podano,Wormerveer,Holandia
https://holandia.jober.pl/Tiel/ORDERPICKER-HOLANDIA-1635615,"Oferta pracy ORDERPICKER, HOLANDIA",KONEKTIA KATARZYNA KILANOWSKA,360 EUR/tydzień,Tiel,Holandia
https://holandia.jober.pl/Aalsmeer/Holandia-Pracownik-produkcji-branża-kwiatowa-1634332,Oferta pracy Holandia- Pracownik produkcji- branża kwiatowa,Bestenwest Work sp. z o.o.,nie podano,Aalsmeer,Holandia
https://holandia.jober.pl/Oss/Holandia-obróbka-mięsa-drobiowego-od-zaraz-1634331,Oferta pracy Holandia-obróbka mięsa drobiowego od zaraz,Bestenwest Work sp. z o.o.,nie podano,Oss,Holandia
https://holandia.jober.pl/Oss/Holandia-Pracownik-produkcji-branża-mięsna-1634329,Oferta pracy Holandia-Pracownik produkcji - branża mięsna,Bestenwet,nie podano,Oss,Holandia
https://holandia.jober.pl/Lunteren/Brukarz-1633295,Oferta pracy Brukarz,Workstead,12 EUR/h,Lunteren,Holandia
https://holandia.jober.pl/Venlo/Pakowanie-grzybni-Venlo-€12-50-1632793,"Oferta pracy Pakowanie grzybni, Venlo €12,50",i-Work,13 EUR/h,Venlo,Holandia
https://holandia.jober.pl/Uden/Pracownik-magazynowy-€13-55-dodatek-zmianowy-1631796,"Oferta pracy Pracownik magazynowy, €13,55, dodatek zmianowy",i-Work,nie podano,Uden,Holandia
https://holandia.jober.pl/Schijndel/Kontroler-jakości-10-21€-super-oferta-1631794,"Oferta pracy Kontroler jakości, 10,21€, super oferta",i-Work,nie podano,Schijndel,Holandia
https://holandia.jober.pl/Roosendaal/Pracownik-logistyczny-magazyn-NIKON-€11-50-dodatki-wakacyjne-i-urlopowe-1631792,"Oferta pracy Pracownik logistyczny magazyn NIKON, €11,50, dodatki wakacyjne i urlopowe!",i-Work,nie podano,Roosendaal,Holandia
https://holandia.jober.pl/Volendam/Pakowanie-porcjowanie-gotowanie-owoców-morza-€14-praca-na-stałe-1631780,"Oferta pracy Pakowanie, porcjowanie, gotowanie owoców morza €14 praca na stałe",i-Work,14 EUR/h,Volendam,Holandia
https://holandia.jober.pl/Utrecht/ORDERPICKER-ZBIERANIE-ZAMÓWIEŃ-W-HOLANDII-1631633,Oferta pracy ORDERPICKER- ZBIERANIE ZAMÓWIEŃ W HOLANDII,KONEKTIA KATARZYNA KILANOWSKA,360 EUR/tydzień,Utrecht,Holandia
https://holandia.jober.pl/Utrecht/orderpicker-BEZ-WIEKÓWKI-350-380-euro-netto-1631625,Oferta pracy orderpicker / BEZ WIEKÓWKI - 350 - 380 euro netto,KONEKTIA,11 EUR/h,Utrecht,Holandia
https://holandia.jober.pl/Oud-Gastel/PRACA-orderpicker-od-zaraz-dla-PAR-SUPER-OFERTA-1631619,Oferta pracy PRACA orderpicker  od zaraz dla PAR - SUPER OFERTA,KONEKTIA,380 EUR/tydzień,Oud Gastel,Holandia
https://holandia.jober.pl/Rucphen/ORDERPICKER-OD-ZARAZ-CEVA-PRACA-DLA-PAR-I-NIE-TYLKO-1631614,Oferta pracy ORDERPICKER OD ZARAZ CEVA - PRACA DLA PAR I NIE TYLKO,KONEKTIA,330-340 EUR/tydzień,Rucphen,Holandia
https://holandia.jober.pl/Venray/Praca-orderpicker-VENRAY-dla-par-i-nie-tylko-1631613,Oferta pracy Praca orderpicker VENRAY dla par i nie tylko,KONEKTIA,330-350 EUR/tydzień,Venray,Holandia
https://holandia.jober.pl/Oosterhout/❎-ORDERPICKER-❎-11€-dodatki-1631611,Oferta pracy ❎ ORDERPICKER ❎ 11€ + dodatki,KONEKTIA,11 EUR/h,Oosterhout,Holandia
https://holandia.jober.pl/Best/Produkcja-żaluzji-rolet-itp-€11-34-tygodniówki-zakwaterowanie-transport-praca-od-zaraz-1631164,"Oferta pracy Produkcja żaluzji, rolet itp. €11,34 tygodniówki, zakwaterowanie, transport praca od zaraz",i-Work,nie podano,Best,Holandia
https://holandia.jober.pl/Venray/Pracownik-logistyczny-order-picker-€11-29-1630808,"Oferta pracy Pracownik logistyczny- order picker €11,29",i-Work,11 EUR/h,Venray,Holandia
https://holandia.jober.pl/Dronten/Produkcja-sałatek-bez-języka-bez-doświadczenia-1630508,"Oferta pracy Produkcja sałatek - bez języka, bez doświadczenia!!",Workstead,11 EUR/h,Dronten,Holandia
https://holandia.jober.pl/Schijndel/KONTROLA-JAKOŚCI-DESEK-DĘBOWYCH-HOLANDIA-OD-ZARAZ-€10-21-h-1630459,"Oferta pracy KONTROLA JAKOŚCI DESEK DĘBOWYCH, HOLANDIA OD ZARAZ €10,21/h",i-Work,nie podano,Schijndel,Holandia
https://holandia.jober.pl/Almelo/Koordynator-Pracowników-Tymczasowych-1627103,Oferta pracy Koordynator Pracowników Tymczasowych,Marquette,2 050 EUR/m-c,Almelo,Holandia
https://holandia.jober.pl/Bergen-op-Zoom/Orderpicker-praca-również-dla-par-z-zakwaterowaniem-1622358,"Oferta pracy Orderpicker, praca również dla par, z zakwaterowaniem",KONEKTIA KATARZYNA KILANOWSKA,360 EUR/tydzień,Bergen op Zoom,Holandia
https://holandia.jober.pl/Amsterdam/Orderpicker-Magazynier-bez-doświadczenia-Holandia-1622354,Oferta pracy Orderpicker/Magazynier bez doświadczenia - Holandia,KONEKTIA KATARZYNA KILANOWSKA,360 EUR/tydzień,Amsterdam,Holandia
https://holandia.jober.pl/Oosterhout/Praca-na-Magazynie-Order-Picker-praca-Holandia-–-WYSOKIE-zarobki-zakwaterowanie-transport-1622348,"Oferta pracy Praca na Magazynie - Order Picker - praca Holandia – WYSOKIE zarobki, zakwaterowanie transport",KONEKTIA KATARZYNA KILANOWSKA,360 PLN/dzień,Oosterhout,Holandia
https://holandia.jober.pl/Oss/Pracownik-magazynu-przy-zbieraniu-zamówień-|-order-picker-|-Welkoop-Ede-1622343,Oferta pracy Pracownik magazynu przy zbieraniu zamówień | order-picker | Welkoop (Ede),KONEKTIA KATARZYNA KILANOWSKA,360 EUR/tydzień,Oss,Holandia
https://holandia.jober.pl/Roosendaal/Orderpicker-11-euro-dodatki-bez-wiekówki-orderpicker-1606802,"Oferta pracy Orderpicker , 11 euro + dodatki bez wiekówki orderpicker",KONEKTIA,350-380 EUR/tydzień,Roosendaal,Holandia
https://holandia.jober.pl/Etten-Leur/Orderpicker-komisjoner-praca-od-zaraz-sklep-internetowy-1606800,Oferta pracy Orderpicker / komisjoner - praca od zaraz - sklep internetowy,KONEKTIA,350-390 EUR/tydzień,Etten-Leur,Holandia
https://holandia.jober.pl/Nijmegen/❎-PILNE-ORDERPICKER-MAGAZYNIER-1606794,"Oferta pracy ❎***PILNE*** ORDERPICKER , MAGAZYNIER",KONEKTIA,360-380 EUR/tydzień,Nijmegen,Holandia
https://holandia.jober.pl/Venlo/❎-ORDERPICKER-DPD-od-zaraz-dla-każdego-dla-par-11€-1606793,"Oferta pracy ❎ ORDERPICKER DPD - od zaraz dla każdego, dla par 11€",KONEKTIA,370-380 EUR/tydzień,Venlo,Holandia
https://holandia.jober.pl/s-Heerenberg/❎ORDERPICKER-❎-pilne-praca-od-zaraz-z-dobrą-stawką-1606790,Oferta pracy ❎ORDERPICKER ❎***pilne*** praca od zaraz z dobrą stawką,KONEKTIA,1 400-1 700 EUR/m-c,'s-Heerenberg,Holandia
https://holandia.jober.pl/Almelo/Monter-karoserii-samochodow-ciezarowych-1507655,Oferta pracy Monter karoserii samochodow ciezarowych,Marquette,nie podano,Almelo,Holandia
https://holandia.jober.pl/Almelo/Spawacz-lawet-samochodowych-1486741,Oferta pracy Spawacz lawet samochodowych,Marquette,nie podano,Almelo,Holandia
https://holandia.jober.pl/Groenlo/Praca-w-Holandii-|-pakowanie-produktów-|-bez-wiekówki-|-1639811,Oferta pracy Praca w Holandii | pakowanie produktów | bez wiekówki |,Werckpost Sp. z o. o.,290-440 EUR/tydzień,Groenlo,Holandia
https://holandia.jober.pl/Eindhoven/SPAWACZ-ZBROJARZ-PREFABRYKATY-€17netto-h-€680-netto-na-tydzień-40-godz-pracy-1639792,"Oferta pracy SPAWACZ/ ZBROJARZ (PREFABRYKATY) €17netto/h, €680 netto na tydzień (40 godz pracy)",Job Spectrum Holandia,680 EUR/tydzień,Eindhoven,Holandia
https://holandia.jober.pl/Eindhoven/CNC-Tokarz-lub-Frezer-Programista-Siemens-wiertarko-frezarek-lub-tokarek-karuzelowych-Holandia-od-zaraz-Od-€-18-00-netto-na-godzine-1639790,"Oferta pracy CNC Tokarz lub Frezer / Programista - Siemens wiertarko-frezarek lub tokarek karuzelowych. Holandia, od zaraz. Od € 18,00 netto na godzine!",Job Spectrum Holandia,17 EUR/h,Eindhoven,Holandia
https://holandia.jober.pl/Eindhoven/Ciesla-Szalunkowy-lub-zespoly-2-osobowe-ze-znajomoscia-jezyka-niderlandzkiego-1639789,Oferta pracy Ciesla Szalunkowy lub zespoly 2 osobowe ze znajomoscia jezyka niderlandzkiego,Job Spectrum Holandia,15-35 EUR/h,Eindhoven,Holandia
https://holandia.jober.pl/Eindhoven/Spawacz-TIG-141-RVS-SPOZYWKA-OD-ZARAZ-HOLANDIA-€18-h-€720-900-netto-tydzien-1639787,"Oferta pracy Spawacz TIG 141 (RVS) SPOZYWKA. OD ZARAZ HOLANDIA €18/h, €720-900 netto/tydzien",Job Spectrum Holandia,18 EUR/h,Eindhoven,Holandia
https://holandia.jober.pl/Ede/Zbieranie-zamówień-na-magazynie-Holandia-€12-77-13-13-h-1639785,"Oferta pracy Zbieranie zamówień na magazynie Holandia - €12,77-13,13/h",Good Job,12-14 EUR/h,Ede,Holandia
https://holandia.jober.pl/Made/Pracownik-produkcji-sortowanie-kwiatów-€10-34-h-praca-Holandia-1639784,"Oferta pracy Pracownik produkcji - sortowanie kwiatów €10,34/h praca Holandia",Good Job,10-11 EUR/h,Made,Holandia
https://holandia.jober.pl/Gorinchem/Operator-CNC-€15-00-h-praca-Holandia-1639782,"Oferta pracy Operator CNC €15,00/h praca Holandia",Good Job,15 EUR/h,Gorinchem,Holandia
https://holandia.jober.pl/Limburg/Pracownik-fizyczny-pomoc-ogrodnika-Holandia-€11-81-h-1639781,"Oferta pracy Pracownik fizyczny - pomoc ogrodnika Holandia  €11,81/h",Good Job,70 PLN/h,Limburg,Holandia
https://holandia.jober.pl/Vianen/Stolarz-prefabrykantów-lub-operator-suwnicy-Holandia-13-65-16-h-EUR-poszukujemy-pilnie-1639780,"Oferta pracy Stolarz prefabrykantów lub operator suwnicy - Holandia 13,65-16/h EUR - poszukujemy pilnie!",Good Job,13-15 EUR/h,Vianen,Holandia
https://holandia.jober.pl/Rijswijk/Pracownik-fizyczny-szklarnia-do-€14-30-h-praca-Holandia-1639779,"Oferta pracy Pracownik fizyczny - szklarnia do €14,30/h praca Holandia",Good Job,10-15 EUR/h,Rijswijk,Holandia
https://holandia.jober.pl/Horst/Pracownik-fizyczny-szklarnia-z-ogórkami-€10-55-h-praca-Holandia-1639778,"Oferta pracy Pracownik fizyczny - szklarnia z ogórkami €10,55/h praca Holandia",Good Job,10-11 EUR/h,Horst,Holandia
https://holandia.jober.pl/Weert/Pracownik-magazynu-€13-66-h-zbieranie-zamówień-praca-Holandia-1639777,"Oferta pracy Pracownik magazynu €13,66/h - zbieranie zamówień, praca Holandia",Good Job,13-14 EUR/h,Weert,Holandia
https://holandia.jober.pl/Venray/Order-picker-w-Albert-Heijn-Nawet-13-39-€-h-NL-1639758,"Oferta pracy Order picker w Albert Heijn. Nawet 13,39 €/h - NL! !",OTTO Work Force,13 EUR/h,Venray,Holandia
https://holandia.jober.pl/Lottum/PRACA-PRZY-SADZONKACH-ROŚLIN-W-HOLANDII-1639753,Oferta pracy PRACA PRZY SADZONKACH ROŚLIN W HOLANDII,AB Job Service Polska sp. z o.o.,nie podano,Lottum,Holandia
https://holandia.jober.pl/Assen/Kamieniarz-polerowanie-kamienia-HOLANDIA-1639749,"Oferta pracy Kamieniarz - polerowanie kamienia, HOLANDIA",ABC Work,nie podano,Assen,Holandia
https://holandia.jober.pl/Uden/PRACOWNIK-SZKLARNI-Z-ROŚLINAMI-DONICZKOWYMI-1639748,Oferta pracy PRACOWNIK SZKLARNI Z ROŚLINAMI DONICZKOWYMI,AB Job Service Polska sp. z o.o.,nie podano,"Uden, Herten, Dronten",Holandia
https://holandia.jober.pl/Horst/PRACA-W-SZKÓŁCE-DRZEWEK-W-HOLANDII-1639743,Oferta pracy PRACA W SZKÓŁCE DRZEWEK W HOLANDII,AB Job Service Polska sp. z o.o.,nie podano,"Horst, Uden, Hazerswoude Dorp",Holandia
https://holandia.jober.pl/okolice-Rotterdamu/Spawacz-elektroda-Holandia-1639740,Oferta pracy Spawacz elektroda (Holandia),SILVERHAND,520 EUR/tydzień,okolice Rotterdamu,Holandia
https://holandia.jober.pl/okolice-Dordrechtu/Lakiernik-przemysłowy-Holandia-1639739,Oferta pracy Lakiernik przemysłowy (Holandia),SILVERHAND,460-480 EUR/tydzień,okolice Dordrechtu,Holandia
https://holandia.jober.pl/Holandia-Północna/Mechanik-samochodowy-Holandia-bez-znajomosci-jezyka-1639711,"Oferta pracy Mechanik samochodowy Holandia, bez znajomosci jezyka",Jupiter,nie podano,Holandia Północna,Holandia
https://holandia.jober.pl/Lejda/Pracownik-fizyczny-–-czyszczenie-maszyn-Holandia-1639620,Oferta pracy Pracownik fizyczny – czyszczenie maszyn (Holandia),SILVERHAND,12 EUR/h,Lejda,Holandia
https://holandia.jober.pl/Poznań/Tapicer-Holandia-1639618,Oferta pracy Tapicer (Holandia),SILVERHAND,500 EUR/tydzień,Poznań,Holandia
https://holandia.jober.pl/Breda/Ślusarz-Holandia-1639617,Oferta pracy Ślusarz (Holandia),SILVERHAND,440-520 EUR/tydzień,Breda,Holandia
https://holandia.jober.pl/Breda/Pracownik-produkcji-Holandia-1639616,Oferta pracy Pracownik produkcji (Holandia),SILVERHAND,480-560 EUR/tydzień,Breda,Holandia
https://holandia.jober.pl/Sas-van-Gent/Technik-maszyn-i-urządzeń-Holandia-1639615,Oferta pracy Technik maszyn i urządzeń (Holandia),SILVERHAND,560-840 EUR/h,Sas van Gent,Holandia
https://holandia.jober.pl/Nijmegen/Programista-CNC-Niderlandy-1639604,Oferta pracy Programista CNC (Niderlandy),SILVERHAND,500 EUR/tydzień,Nijmegen,Holandia
https://holandia.jober.pl/Etten-Leur/Stolarz-Niderlandy-1639600,Oferta pracy Stolarz (Niderlandy),SILVERHAND,472 EUR/tydzień,Etten-Leur,Holandia
https://holandia.jober.pl/Arnhem/Monter-rur-Niderlandy-1639569,Oferta pracy Monter rur (Niderlandy),SILVERHAND,14 EUR/h,Arnhem,Holandia
https://holandia.jober.pl/Sittard/Płytkarz-Niderlandy-1639566,Oferta pracy Płytkarz (Niderlandy),SILVERHAND,550-600 EUR/tydzień,Sittard,Holandia
https://holandia.jober.pl/Poznań/Hydraulik-Niderlandy-1639527,Oferta pracy Hydraulik (Niderlandy),SILVERHAND,525-550 EUR/tydzień,Poznań,Holandia
https://holandia.jober.pl/Poznań/Magazynier-Niderlandy-1639526,Oferta pracy Magazynier (Niderlandy),SILVERHAND,11 EUR/h,Poznań,Holandia
https://holandia.jober.pl/Poznań/Cieśla-szalunkowy-betoniarz-Niderlandy-1639522,Oferta pracy Cieśla szalunkowy / betoniarz (Niderlandy),SILVERHAND,500-540 EUR/tydzień,Poznań,Holandia
https://holandia.jober.pl/Veghel/Mechanik-Holandia-1639520,Oferta pracy Mechanik (Holandia),SILVERHAND,625 EUR/tydzień,Veghel,Holandia
https://holandia.jober.pl/Made/Operator-pras-krawędziowych-Holandia-1639519,Oferta pracy Operator pras krawędziowych (Holandia),SILVERHAND,675 EUR/tydzień,Made,Holandia
https://holandia.jober.pl/Oosterhout/Monter-Holandia-1639518,Oferta pracy Monter (Holandia),SILVERHAND,470 EUR/h,Oosterhout,Holandia
https://holandia.jober.pl/Almere/Orderpicker-dla-osób-z-własnym-zakwaterowaniem-Holandia-1639515,Oferta pracy Orderpicker / dla osób z własnym zakwaterowaniem (Holandia),SILVERHAND,10 EUR/h,Almere,Holandia
https://holandia.jober.pl/Dordrecht/Magazynier-Niderlandy-1639485,Oferta pracy Magazynier (Niderlandy),SILVERHAND,11 EUR/h,Dordrecht,Holandia
https://holandia.jober.pl/Dordrecht/Operator-robota-spawalniczego-Niderlandy-1639482,Oferta pracy Operator robota spawalniczego (Niderlandy),SILVERHAND,500-520 EUR/tydzień,Dordrecht,Holandia
https://holandia.jober.pl/Bunschoten/Pracownik-magazynu-zbieranie-zamówień-za-pomocą-skanera-do-€13-43-h-praca-Holandia-1639481,"Oferta pracy Pracownik magazynu - zbieranie zamówień za pomocą skanera do €13,43/h praca Holandia",Good Job,11 EUR/h,Bunschoten,Holandia
https://holandia.jober.pl/WERVERSHOOF/STOLARZ-YACHTOWY-WERVERSHOOF-550-575-EUR-NETTO-DARMOWE-ZAKWATEROWANIE-1639476,Oferta pracy STOLARZ YACHTOWY - WERVERSHOOF - 550-575 EUR NETTO + DARMOWE ZAKWATEROWANIE,,550-575 EUR/tydzień,WERVERSHOOF,Holandia
https://holandia.jober.pl/Haaften/Pracownik-produkcji-gałęzie-wierzby-€11-31-h-praca-Holandia-bez-angielskiego-1639475,"Oferta pracy Pracownik produkcji - gałęzie wierzby €11,31/h praca Holandia - bez angielskiego",Good Job,11-12 EUR/h,Haaften,Holandia
https://holandia.jober.pl/Nieuwegein/PRAKTYKANT-CIEŚLI-NIEUWEGEIN-500-550-EUR-NETTO-DARMOWE-ZAKWATEROWANIE-1639470,Oferta pracy PRAKTYKANT CIEŚLI - NIEUWEGEIN - 500-550 EUR NETTO + DARMOWE ZAKWATEROWANIE,,500-5 500 EUR/tydzień,Nieuwegein,Holandia
https://holandia.jober.pl/Holten/Pracownik-produkcji-pakowanie-sałatek-€12-11-18-17-h-praca-Holandia-1639467,"Oferta pracy Pracownik produkcji - pakowanie sałatek €12,11-18,17/h praca Holandia",Good Job,12-19 EUR/h,Holten,Holandia
https://holandia.jober.pl/Nieuwkuijk/Spawacz-MIG-MAG-€16-00-brutto-h-1639466,"Oferta pracy Spawacz MIG/MAG €16,00 brutto/h",Axell Employment,16 EUR/h,Nieuwkuijk,Holandia
https://holandia.jober.pl/Meerkerk/Sortowanie-jabłek-i-gruszek-€10-71-h-praca-Holandia-bez-angielskiego-1639465,"Oferta pracy Sortowanie jabłek i gruszek €10,71/h praca Holandia - bez angielskiego",Good Job,10-11 EUR/h,Meerkerk,Holandia
https://holandia.jober.pl/Bladel/Spawacz-metoda-MIG-MAG-€15-00-brutto-h-1639464,"Oferta pracy Spawacz - metoda MIG/MAG €15,00 brutto/h",Axell Employment,15 EUR/h,Bladel,Holandia
https://holandia.jober.pl/Bladel/Operator-giętarki-€15-00-brutto-h-1639463,Oferta pracy Operator giętarki €15.00 brutto/h,Axell Employment,15 EUR/h,Bladel,Holandia
https://holandia.jober.pl/Zaltbommel/Spawacz-Mig-Mag-HOLANDIA-€17-10-h-1639461,"Oferta pracy Spawacz Mig/Mag - HOLANDIA €17,10/h",Good Job,15 EUR/h,Zaltbommel,Holandia
https://holandia.jober.pl/Nieuwkuijk/Operator-Giętarki-€15-00-brutto-h-1639459,"Oferta pracy Operator Giętarki €15,00 brutto/h",Axell Employment,15 EUR/h,Nieuwkuijk,Holandia
https://holandia.jober.pl/Utrecht/Malarz-piaskarz-1639449,Oferta pracy Malarz-piaskarz,Larex,530 EUR/tydzień,Utrecht,Holandia
https://holandia.jober.pl/Amsterdam/Hydraulik-1639447,Oferta pracy Hydraulik,Larex,550 EUR/tydzień,Amsterdam,Holandia
https://holandia.jober.pl/Amsterdam/Operator-CNC-1639445,Oferta pracy Operator CNC,Larex,510 EUR/tydzień,Amsterdam,Holandia
https://holandia.jober.pl/Amsterdam/MONTER-SPAWACZ-1639441,Oferta pracy MONTER / SPAWACZ,Larex,520 EUR/tydzień,Amsterdam,Holandia
https://holandia.jober.pl/Rotterdam/Pracownik-magazynu-Order-Picker-€11-16-brutto-h-1639431,"Oferta pracy Pracownik magazynu- Order Picker  €11,16 brutto/h",Axell Employment,11 EUR/h,Rotterdam,Holandia
https://holandia.jober.pl/IJsselstein/Monter-masztów-€12-00-brutto-h-1639423,"Oferta pracy Monter masztów €12,00 brutto/h",Axell Employment,12 EUR/h,IJsselstein,Holandia
https://holandia.jober.pl/Venlo/ORDER-PICKER-Operator-EPT-€10-82-brutto-h-1639414,"Oferta pracy ORDER PICKER + Operator EPT €10,82 brutto/h",Axell Employment,11 EUR/h,Venlo,Holandia
https://holandia.jober.pl/Rotterdam/Kafelkarz-1639387,Oferta pracy Kafelkarz,Euro Labora Sp.J.,nie podano,Rotterdam,Holandia
https://holandia.jober.pl/Rotterdam/Murarz-1639386,Oferta pracy Murarz,Euro Labora Sp.J.,nie podano,Rotterdam,Holandia
https://holandia.jober.pl/Rotterdam/Cieśla-szalunkowy-1639385,Oferta pracy Cieśla szalunkowy,Euro Labora Sp.J.,nie podano,Rotterdam,Holandia
https://holandia.jober.pl/Den-Bosch/Elektryk-1639384,Oferta pracy Elektryk,Euro Labora Sp.J.,nie podano,Den Bosch,Holandia
https://holandia.jober.pl/Rotterdam/Brukarz-1639383,Oferta pracy Brukarz,Euro Labora Sp.J.,nie podano,Rotterdam,Holandia
https://holandia.jober.pl/Rotterdam/Zbrojarz-1639382,Oferta pracy Zbrojarz,Euro Labora Sp.J.,nie podano,Rotterdam,Holandia
https://holandia.jober.pl/Oss/Sprzątanie-1639353,Oferta pracy Sprzątanie,Crown Uitzendgroep,nie podano,Oss,Holandia
https://holandia.jober.pl/Harlingen/Monter-kadłubów-aluminiowych-–-650-EUR-netto-tydzień-Holandia-1639352,Oferta pracy Monter kadłubów aluminiowych – 650 EUR netto/tydzień! (Holandia),Next s.c. D. Smolin W. Pietrzak,16 500-17 000 PLN/m-c,Harlingen,Holandia
https://holandia.jober.pl/Veenendaal/PRODUKCJA-SERA-1639349,Oferta pracy PRODUKCJA SERA,GSU INTER-WORK sp. z o.o,11 EUR/h,Veenendaal,Holandia
https://holandia.jober.pl/Oosterhout/Magazynier-Orderpicker-1639348,Oferta pracy Magazynier Orderpicker,GSU INTER-WORK sp. z o.o,12-15 EUR/h,Oosterhout,Holandia
https://holandia.jober.pl/Apeldoorn/ORDER-PICKER-1639347,Oferta pracy ORDER PICKER,GSU INTER-WORK sp. z o.o,13 EUR/h,Apeldoorn,Holandia
https://holandia.jober.pl/Apeldoorn/Operator-wózka-widłowego-Reachtruck-1639346,Oferta pracy Operator wózka widłowego Reachtruck,GSU INTER-WORK sp. z o.o,13 EUR/h,Apeldoorn,Holandia
https://holandia.jober.pl/IJsselmuiden/Pakowanie-cykorii-1639345,Oferta pracy Pakowanie cykorii,GSU INTER-WORK sp. z o.o,10-10 EUR/h,IJsselmuiden,Holandia
https://holandia.jober.pl/Arnhem/monter-suchej-zabudowy-1639344,Oferta pracy monter suchej zabudowy,GSU INTER-WORK sp. z o.o,480-520 EUR/tydzień,Arnhem,Holandia
https://holandia.jober.pl/Hoogeveen/Praca-przy-zbiorze-pieczarek-1639338,Oferta pracy Praca przy zbiorze pieczarek,GSU INTER-WORK sp. z o.o,11 EUR/h,Hoogeveen,Holandia
https://holandia.jober.pl/Rotterdam/Praca-Holandia-produkcja-pakowanie-magazyny-1639337,"Oferta pracy Praca Holandia- produkcja pakowanie, magazyny",Klaver sp z o o,nie podano,Rotterdam,Holandia
https://holandia.jober.pl/Sittard/MONTER-PŁYT-GIPSOWO_KARTONOWYCH-1639336,Oferta pracy MONTER PŁYT GIPSOWO_KARTONOWYCH,GSU INTER-WORK sp. z o.o,480-500 EUR/tydzień,Sittard,Holandia
https://holandia.jober.pl/Den-Haag/Malarz-1639335,Oferta pracy Malarz,GSU INTER-WORK sp. z o.o,480-510 EUR/tydzień,Den Haag,Holandia
https://holandia.jober.pl/Cuijk/Cieśla-szalunkowy-1639334,Oferta pracy Cieśla szalunkowy,GSU INTER-WORK sp. z o.o,450-520 EUR/tydzień,Cuijk,Holandia
https://holandia.jober.pl/Nijmegen/DEKARZ-CIEŚLA-1639333,Oferta pracy DEKARZ / CIEŚLA,GSU INTER-WORK sp. z o.o,470-520 EUR/tydzień,Nijmegen,Holandia
https://holandia.jober.pl/Hilversum/Malarz-okien-i-drzwi-1639332,Oferta pracy Malarz okien i drzwi,GSU INTER-WORK sp. z o.o,480-520 EUR/h,Hilversum,Holandia
https://holandia.jober.pl/Beverwijk/Dekarz-Pomocnik-dekarza-1639331,Oferta pracy Dekarz / Pomocnik dekarza,GSU INTER-WORK sp. z o.o,480 EUR/tydzień,Beverwijk,Holandia
https://holandia.jober.pl/Velddriel/Pracownik-produkcji-pakowanie-grzybów-do-puszek-€11-00-17-87-h-Holandia-1639320,"Oferta pracy Pracownik produkcji - pakowanie grzybów do puszek €11,00-17,87/h Holandia",Good Job,11-18 EUR/h,Velddriel,Holandia
https://holandia.jober.pl/Lottum/Praca-Holandia-sadzonki-pracownik-fizyczny-1639315,Oferta pracy Praca Holandia- sadzonki-  pracownik fizyczny,Klaver sp z o o,nie podano,Lottum,Holandia
https://holandia.jober.pl/Eindhoven/Pracownik-produkcji-1639311,Oferta pracy Pracownik produkcji,Synergie IR,14 EUR/h,Eindhoven,Holandia
https://holandia.jober.pl/Vianen/Pracownik-produkcji-€11-27-brutto-h-1639202,"Oferta pracy Pracownik produkcji  €11,27 brutto/h",Axell Employment,11 EUR/h,Vianen,Holandia
https://holandia.jober.pl/Veldhoven/Pracownik-magazynu-order-picker-€12-50brutto-h-1639198,"Oferta pracy Pracownik magazynu - order picker €12,50brutto/h",Axell Employment,13 EUR/h,Veldhoven,Holandia
https://holandia.jober.pl/Veghel/Pracownik-magazynu-logistycznego-1639196,Oferta pracy Pracownik magazynu logistycznego,Axell Employment,11 EUR/h,Veghel,Holandia
https://holandia.jober.pl/Tilburg/Kontroler-Jakości-BRANŻA-TEKSTYLNA-€12-27-brutto-h-dodatki-zmianowe-1639178,"Oferta pracy Kontroler Jakości - BRANŻA TEKSTYLNA €12,27 brutto/h +dodatki zmianowe",Axell Employment,12 EUR/h,Tilburg,Holandia
https://holandia.jober.pl/Tilburg/Pracownik-fizyczny-czyszczenie-znaków-drogowych-€11-00-brutto-h-1639175,"Oferta pracy Pracownik fizyczny- czyszczenie znaków drogowych- €11,00 brutto/h",Axell Employment,11 EUR/h,Tilburg,Holandia
https://holandia.jober.pl/Tilburg/UT-Operator-Tester-€12-74-brutto-h-1639159,"Oferta pracy UT Operator  - Tester €12,74 brutto/h",Axell Employment,13 EUR/h,Tilburg,Holandia
https://holandia.jober.pl/Tilburg/Pracownik-Magazynu-|-Syncreon-€11-09-brutto-h-dodatki-1639156,Oferta pracy Pracownik Magazynu | Syncreon €11.09 brutto/h + dodatki,Axell Employment,11 EUR/h,Tilburg,Holandia
https://holandia.jober.pl/Sas-van-Gent/Pracownik-techniczny-produkcja-palet-€16-08-brutto-h-1639143,"Oferta pracy Pracownik techniczny - produkcja palet €16,08 brutto/h",Axell Employment,16 EUR/h,Sas van Gent,Holandia
https://holandia.jober.pl/Sas-van-Gent/Pracownik-fizyczny-naprawa-palet-€11-72-brutto-h-1639142,"Oferta pracy Pracownik fizyczny - naprawa palet €11,72 brutto/h",Axell Employment,12 EUR/h,Sas van Gent,Holandia
https://holandia.jober.pl/Eindhoven/Malarz-Holandia-bezpłatne-zakwaterowanie-1639140,Oferta pracy Malarz Holandia bezpłatne zakwaterowanie,W4U,2 400 EUR/m-c,Eindhoven,Holandia
https://holandia.jober.pl/Rosmalen/Pracownik-produkcji-1639123,Oferta pracy Pracownik produkcji,Bestenwest Work Sp. z o.o.,11 EUR/h,Rosmalen,Holandia
https://holandia.jober.pl/Aalsmeer/Pracownik-produkcji-przy-kwiatach-1639122,Oferta pracy Pracownik produkcji przy kwiatach,Bestenwest,10 EUR/h,Aalsmeer,Holandia
https://holandia.jober.pl/Wassenaar/Praca-w-Holandii-akcja-1639121,Oferta pracy Praca w Holandii - akcja,Bestenwest,10 EUR/h,Wassenaar,Holandia
https://holandia.jober.pl/Roosendaal/Order-picker-€13-13-brutto-h-Roosendaal-1639119,"Oferta pracy Order picker - €13,13 brutto/h Roosendaal",Axell Employment,13 EUR/h,Roosendaal,Holandia
https://holandia.jober.pl/Roosendaal/Operator-Wózka-Widłowego-Przedniego-€12-29-brutto-h-1639118,"Oferta pracy Operator Wózka Widłowego Przedniego €12,29 brutto/h",Axell Employment,12 EUR/h,Roosendaal,Holandia
https://holandia.jober.pl/Rijen/Pracownik-produkcji-Monter-1639116,Oferta pracy Pracownik produkcji / Monter,Axell Employment,12 EUR/h,Rijen,Holandia
https://holandia.jober.pl/Rijen/Pracownik-fizyczny-PRALNIA-JEDNA-ZMIANA-€10-91-brutto-h-1639115,"Oferta pracy Pracownik fizyczny PRALNIA JEDNA ZMIANA €10,91 brutto/h",Axell Employment,11 EUR/h,Rijen,Holandia
https://holandia.jober.pl/Nijmegen/Pracownicy-budowlani-1639109,Oferta pracy Pracownicy budowlani,Job Match Nederland,nie podano,Nijmegen,Holandia
https://holandia.jober.pl/Holandia-Północna/Monter-izolacji-przemysłowej-1639107,Oferta pracy Monter izolacji przemysłowej,SFS International,540-550 EUR/tydzień,Holandia Północna,Holandia
https://holandia.jober.pl/Ooij/Pracownik-pralni-Holandia-1639106,Oferta pracy Pracownik pralni - Holandia,SFS International,nie podano,Ooij,Holandia
https://holandia.jober.pl/Nieuwegein/Operator-suwnicy-DO-PRZYUCZENIA-€12-36-brutto-h-1639105,"Oferta pracy Operator suwnicy (DO PRZYUCZENIA) €12,36 brutto/h",Axell Employment,12 EUR/h,Nieuwegein,Holandia
https://holandia.jober.pl/Emmen/Pracownik-pralni-chemicznej-1639104,Oferta pracy Pracownik pralni chemicznej,SFS International,nie podano,Emmen,Holandia
https://holandia.jober.pl/Eindhoven/Pracownik-produkcji-pralnia-przemysłowa-1639103,Oferta pracy Pracownik produkcji -  pralnia przemysłowa,SFS International,nie podano,Eindhoven,Holandia
https://holandia.jober.pl/Hoek/Kierowca-C-E-€16-00-brutto-h-1639095,Oferta pracy Kierowca C+E - €16.00 brutto/h,Axell Employment,16 EUR/h,Hoek,Holandia
https://holandia.jober.pl/Hoek/Operator-wózka-widłowego-przedniego-€12-76-brutto-h-dodatki-zmianowe-1639094,"Oferta pracy Operator wózka widłowego przedniego €12,76 brutto/h + dodatki zmianowe",Axell Employment,13 EUR/h,Hoek,Holandia
https://holandia.jober.pl/Eindhoven/Order-picker-art-łazienkowe-€12-57-brutto-h-1639060,"Oferta pracy Order picker - art. łazienkowe €12,57 brutto/h",Axell Employment,13 EUR/h,Eindhoven,Holandia
https://holandia.jober.pl/Gouda/Pracownik-produkcji-sera-bez-znajomości-języka-angielskiego-1639058,Oferta pracy Pracownik produkcji sera bez znajomości języka angielskiego,Euro Personnel Agencja Pracy,nie podano,Gouda,Holandia
https://holandia.jober.pl/Sassenheim/Pracownik-produkcji-wędlin-i-sałatek-1639057,Oferta pracy Pracownik produkcji wędlin i sałatek,Euro Personnel S. C.,nie podano,Sassenheim,Holandia
https://holandia.jober.pl/Lisse/Pracownik-produkcji-kwiatów-suszonych-w-Holandii-1639056,Oferta pracy Pracownik produkcji kwiatów suszonych w Holandii,Euro Personnel S. C.,nie podano,Lisse,Holandia
https://holandia.jober.pl/Amsterdam/Pracownik-produkcji-cebulki-kwiatowe-i-kompozycje-kwiatowe-1639054,Oferta pracy Pracownik produkcji - cebulki kwiatowe i kompozycje kwiatowe,Euro Personnel S.C.,8 600-9 600 PLN/m-c,Amsterdam,Holandia
https://holandia.jober.pl/Helmond/Pracownik-produkcji-warzyw-i-owoców-1639053,Oferta pracy Pracownik produkcji warzyw i owoców,Euro Personnel S. C.,nie podano,Helmond,Holandia
https://holandia.jober.pl/Bleiswijk/STORCZYKI-Praca-na-MAGAZYNIE-praca-HOLANDIA-BEZ-JĘZYKA-1639047,Oferta pracy STORCZYKI / Praca na MAGAZYNIE - praca HOLANDIA - BEZ JĘZYKA!,JOBRUN,nie podano,Bleiswijk,Holandia
https://holandia.jober.pl/Dronten/SAŁATKI-Produkcja-Magazyn-WYSOKIE-ZAROBKI-praca-Holandia-BEZ-języka-także-praca-dla-PAR-1639045,"Oferta pracy SAŁATKI - Produkcja, Magazyn - WYSOKIE ZAROBKI! praca Holandia - BEZ języka! - także praca dla PAR",JOBRUN,nie podano,Dronten,Holandia
https://holandia.jober.pl/Veenendaal/Sortowanie-PACZEK-firma-kurierska-praca-Holandia-OD-ZARAZ-1639044,Oferta pracy Sortowanie PACZEK - firma kurierska - praca Holandia - OD ZARAZ,JOBRUN,nie podano,Veenendaal,Holandia
https://holandia.jober.pl/Westland/Magazyn-KWIATY-WARZYWA-OWOCE-praca-Holandia-BEZ-JĘZYKA-angielskiego-także-praca-dla-PAR-1639043,Oferta pracy Magazyn - KWIATY / WARZYWA / OWOCE - praca Holandia - BEZ JĘZYKA angielskiego! także praca dla PAR!,JOBRUN,nie podano,Westland,Holandia
https://holandia.jober.pl/Rosemalen/PAKOWANIE-DROBIU-praca-Holandia-BEZ-języka-angielskiego-1639039,Oferta pracy PAKOWANIE DROBIU - praca Holandia - BEZ języka angielskiego!,JOBRUN,nie podano,Rosemalen,Holandia
https://holandia.jober.pl/Apeldoorn/Produkcja-PRZEPAKOWYWANIE-ŻYWNOŚCI-praca-Holandia-od-zaraz-praca-również-dla-par-1639035,Oferta pracy Produkcja - PRZEPAKOWYWANIE ŻYWNOŚCI - praca Holandia - od zaraz- praca również dla par!,JOBRUN,nie podano,Apeldoorn,Holandia
https://holandia.jober.pl/Ochten/Produkcja-PAKOWANIE-JAJEK-praca-Holandia-1639034,Oferta pracy Produkcja - PAKOWANIE JAJEK - praca Holandia,JOBRUN,nie podano,Ochten,Holandia
https://holandia.jober.pl/Tilburg/Pracownik-PRODUKCJI-PAKOWANIE-wyroby-grillowane-praca-HOLANDIA-OD-ZARAZ-1639033,"Oferta pracy Pracownik PRODUKCJI - PAKOWANIE, wyroby grillowane - praca HOLANDIA - OD ZARAZ",JOBRUN,nie podano,Tilburg,Holandia
https://holandia.jober.pl/Soest/Produkcja-Magazyn-PAKOWANIE-FILETÓW-DROBIOWYCH-praca-HOLANDIA-1639031,"Oferta pracy Produkcja, Magazyn / PAKOWANIE FILETÓW DROBIOWYCH - praca HOLANDIA",JOBRUN,nie podano,Soest,Holandia
https://holandia.jober.pl/Amsterdam/MONTERZY-CIEŚLA-SZALUNKOWY-STOLARZ-HOLANDIA-1639009,"Oferta pracy MONTERZY, CIEŚLA SZALUNKOWY, STOLARZ - HOLANDIA",Kariera w Holandii,nie podano,Amsterdam,Holandia
https://holandia.jober.pl/Zwolle/OPERATOR-ROBOTA-SPAWALNICZEGO-OKOLICE-ZWOLLE-HOLANDIA-1639007,Oferta pracy OPERATOR ROBOTA SPAWALNICZEGO - OKOLICE ZWOLLE - HOLANDIA,Kariera w Holandii,427 EUR/tydzień,Zwolle,Holandia
https://holandia.jober.pl/Groningen/MONTER-FASAD-ŚCIAN-OSŁONOWYCH-1639006,Oferta pracy MONTER FASAD / ŚCIAN OSŁONOWYCH,Kariera w Holandii,nie podano,Groningen,Holandia
https://holandia.jober.pl/Emmeloord/Praca-przy-papryce-1639005,Oferta pracy Praca przy papryce,Work Centre,11 EUR/h,Emmeloord,Holandia
https://holandia.jober.pl/Arnhem/STOLARZ-BUDOWLANY-WYKOŃCZENIOWY-HOLANIDA-1639003,Oferta pracy STOLARZ BUDOWLANY - WYKOŃCZENIOWY - HOLANIDA,Kariera w Holandii,460-600 EUR/tydzień,Arnhem,Holandia
https://holandia.jober.pl/Zwolle/PRODUKCJA-SKŁADANIE-MONTAŻ-OKIEN-ALUMINIUM-PCV-HOLANDIA-1639002,"Oferta pracy PRODUKCJA, SKŁADANIE, MONTAŻ OKIEN - ALUMINIUM PCV - HOLANDIA",Kariera w Holandii,nie podano,Zwolle,Holandia
https://holandia.jober.pl/Emmeloord/Zbijanie-i-renowacja-palet-1639000,Oferta pracy Zbijanie i renowacja palet,Work Centre,12 EUR/h,Emmeloord,Holandia
https://holandia.jober.pl/Emmeloord/Praca-produkcyjna-przy-rybach-1638996,Oferta pracy Praca produkcyjna przy rybach,Work Centre,11 EUR/h,Emmeloord,Holandia
https://holandia.jober.pl/Emmeloord/Operator-wózka-widłowego-1638995,Oferta pracy Operator wózka widłowego,Work Centre,11 EUR/h,Emmeloord,Holandia
https://holandia.jober.pl/Emmeloord/Uprawa-i-pielęgnacja-kwiatów-doniczkowych-1638994,Oferta pracy Uprawa i pielęgnacja kwiatów doniczkowych,Work Centre,11 EUR/h,Emmeloord,Holandia
https://holandia.jober.pl/Emmeloord/Pracownik-magazynu-Pakowacz-1638993,Oferta pracy Pracownik magazynu/Pakowacz,Work Centre,11 EUR/h,Emmeloord,Holandia
https://holandia.jober.pl/Emmeloord/Opiekunka-mieszkań-służbowych-1638991,Oferta pracy Opiekunka mieszkań służbowych,Work Centre,nie podano,Emmeloord,Holandia
https://holandia.jober.pl/Emmeloord/Toppen-draaien-owijanie-pędów-papryki-1638989,Oferta pracy Toppen draaien (owijanie pędów papryki),Work Centre,12 EUR/h,Emmeloord,Holandia
https://holandia.jober.pl/Emmeloord/Pracownik-ds-zachorowań-1638988,Oferta pracy Pracownik ds. zachorowań,Work Centre,nie podano,Emmeloord,Holandia
https://holandia.jober.pl/Emmeloord/Praca-w-Holandii-otwarta-rekrutacja-1638985,Oferta pracy Praca w Holandii - otwarta rekrutacja!,Work Centre,nie podano,Emmeloord,Holandia
https://holandia.jober.pl/Emmeloord/Konserwator-1638983,Oferta pracy Konserwator,Work Centre,nie podano,Emmeloord,Holandia
https://holandia.jober.pl/Emmeloord/Pracownik-ogrodnictwa-produkcji-1638978,Oferta pracy Pracownik ogrodnictwa/produkcji,Work Centre,10 EUR/h,Emmeloord,Holandia
https://holandia.jober.pl/Emmeloord/Koordynator-Pracowników-Tymczasowych-1638954,Oferta pracy Koordynator Pracowników Tymczasowych,Work Centre,nie podano,Emmeloord,Holandia
https://holandia.jober.pl/Emmeloord/Kierowca-autobusu-1638953,Oferta pracy Kierowca autobusu,Work Centre,420 EUR/tydzień,Emmeloord,Holandia
https://holandia.jober.pl/Opole/Rekruter-stała-praca-w-Holandii-1638952,Oferta pracy Rekruter - stała praca w Holandii,Work Centre,2 200 EUR/m-c,Opole,Holandia
https://holandia.jober.pl/Emmeloord/Pracownik-sprzątający-1638950,Oferta pracy Pracownik sprzątający,Work Centre,11 EUR/h,Emmeloord,Holandia
https://holandia.jober.pl/Amsterdam/Amsterdam-Pakowacz-Ubrania-znanych-marek-1638880,Oferta pracy Amsterdam - Pakowacz - Ubrania znanych marek,OTTO Work Force Recruitment,11-13 EUR/h,Amsterdam,Holandia
https://holandia.jober.pl/Angeren/SZKLARNIA-KWIATY-praca-Holandia-BEZ-języka-DUŻO-godzi-1638832,"Oferta pracy SZKLARNIA - KWIATY - praca Holandia - BEZ języka, DUŻO godzi",JOBRUN,nie podano,Angeren,Holandia
https://holandia.jober.pl/Aalsmeer/MAGAZYN-giełda-kwiatowa-praca-HOLANDIA-OD-ZARAZ-WYSOKIE-ZAROBKI-DUŻO-GODZIN-1638829,Oferta pracy MAGAZYN - giełda kwiatowa - praca HOLANDIA - OD ZARAZ- WYSOKIE ZAROBKI - DUŻO GODZIN!,JOBRUN,nie podano,Aalsmeer,Holandia
https://holandia.jober.pl/Apeldoorn/KARMA-Pakowanie-praca-na-MAGAZYNIE-praca-Holandia-BEZ-języka-angielskiego-też-Pary-1638826,"Oferta pracy KARMA, Pakowanie - praca na MAGAZYNIE - praca Holandia - BEZ języka angielskiego, też Pary",JOBRUN,nie podano,Apeldoorn,Holandia
https://holandia.jober.pl/Kesteren/Magazyn-MEBLOWY-UBRANKA-DZIECIĘCE-ORDER-PICKER-praca-Holandia-OD-ZARAZ-1638822,Oferta pracy Magazyn MEBLOWY / UBRANKA DZIECIĘCE - ORDER PICKER - praca Holandia - OD ZARAZ,JOBRUN,nie podano,Kesteren,Holandia
https://holandia.jober.pl/Eersel/PASZTETY-Produkcja-Pakowanie-praca-Holandia-–-WYSOKIE-zarobki-też-Pary-1638819,"Oferta pracy PASZTETY - Produkcja, Pakowanie -  praca Holandia – WYSOKIE zarobki, też Pary!",JOBRUN,nie podano,Eersel,Holandia
https://holandia.jober.pl/Ens/Pracownik-szklarni-Holandia-kwiaty-1638818,Oferta pracy Pracownik szklarni Holandia - kwiaty,Expert International Recruitment sp. z o.o.,nie podano,Ens,Holandia
https://holandia.jober.pl/Cała-Holandia/Cieśla-szalunkowy-→-14€-netto-h-1638816,Oferta pracy Cieśla szalunkowy → 14€ netto/h,Sedulus Sp. z o.o.,nie podano,Cała Holandia,Holandia
https://holandia.jober.pl/Venlo/Rozładunek-załadunek-kontenerów-w-Venlo-praca-z-ubezpieczeniem-i-zakwaterowaniem-1638809,Oferta pracy Rozładunek/załadunek kontenerów w Venlo - praca z ubezpieczeniem i zakwaterowaniem,Expert International Recruitment sp. z o.o.,nie podano,Venlo,Holandia
https://holandia.jober.pl/Waalwijk/Pracownik-magazynowy-orderpicker-komisjoner-1638808,"Oferta pracy Pracownik magazynowy - orderpicker, komisjoner",Expert International Recruitment sp. z o.o.,nie podano,Waalwijk,Holandia
https://holandia.jober.pl/Tilburg/operator-wózka-widłowego-EPT-1638807,Oferta pracy operator wózka widłowego/ EPT,Expert International Recruitment sp. z o.o.,nie podano,Tilburg,Holandia
https://holandia.jober.pl/Boxtel/Pracownik-produkcji-żywność-1638805,Oferta pracy Pracownik produkcji - żywność,Expert International Recruitment sp. z o.o.,nie podano,Boxtel,Holandia
https://holandia.jober.pl/Waalwijk/Praca-na-piekarni-–-możliwość-podjęcia-pracy-w-parze-1638804,Oferta pracy Praca na piekarni – możliwość podjęcia pracy w parze,Expert International Recruitment sp. z o.o.,nie podano,Waalwijk,Holandia
https://holandia.jober.pl/Venray/Pracownik-logistyki-kompletacja-zamówień-1638776,Oferta pracy Pracownik logistyki-kompletacja zamówień,TopWerken,nie podano,Venray,Holandia
https://holandia.jober.pl/cala-Holandia/Pracownik-logistyki-kompletacja-zamówień-order-picker-kierowca-EPT-1638775,"Oferta pracy Pracownik logistyki-kompletacja zamówień order picker,kierowca EPT",TopWerken,nie podano,cala Holandia,Holandia
https://holandia.jober.pl/Zevenhuizen/Pracownik-produkcji-pakowanie-krojenie-miesa-z-kurczaków-1638773,"Oferta pracy Pracownik produkcji-pakowanie,krojenie miesa z kurczaków",TopWerken,nie podano,Zevenhuizen,Holandia
https://holandia.jober.pl/Alkmaar/OPERATOR-WÓZKA-WIDŁOWEGO-BOCZNEGO-REACHTRUCK-15-40-euro-brutto-1638767,Oferta pracy OPERATOR WÓZKA WIDŁOWEGO BOCZNEGO - REACHTRUCK 15.40 euro brutto !,Flexcraft,13-15 EUR/h,Alkmaar,Holandia
https://holandia.jober.pl/Maaskantje/❎-PILNE-ORDERPICKER-MAGAZYNIER-1638766,"Oferta pracy ❎***PILNE*** ORDERPICKER , MAGAZYNIER",HOLANDIAJOBS,nie podano,Maaskantje,Holandia
https://holandia.jober.pl/Apeldoorn/Ubój-wołowy-cielęcy-1638759,Oferta pracy Ubój wołowy/ cielęcy,Job Match Nederland,nie podano,Apeldoorn,Holandia
https://holandia.jober.pl/Nijmegen/Rzeźnik-klasowanie-trybowanie-ubój-wołowy-cielęcy-1638756,Oferta pracy Rzeźnik klasowanie/trybowanie/ubój wołowy/cielęcy,Job Match Nederland,nie podano,Nijmegen,Holandia
https://holandia.jober.pl/De-Lier/Operator-maszyn-produkcyjnych-–-produkcja-opakowań-z-tektury-Holandia-1638722,Oferta pracy Operator maszyn produkcyjnych – produkcja opakowań z tektury (Holandia),Next s.c. D. Smolin W. Pietrzak,10 800-11 500 PLN/m-c,De Lier,Holandia
